LANGUAGE,English,French

STR_R3F_15Rnd_9x19_PAMAS,"PAMAS Mag. 15 rounds", "Charg. PAMAS 15 coups"
STR_R3F_15Rnd_9x19_PAMAS_DESC,"Cal. 9x19mm, 350 m/s","Cal. 9x19mm, 350 m/s"
STR_R3F_15Rnd_9x19_PAMAS_LIB,"15 rounds magazine for PAMAS G1. Cal.: 9x19mm.","Chargeur de 15 cartouches pour PAMAS G1. Cal.: 9x19mm."

STR_R3F_30Rnd_9x19_MP5,"MP5 Mag. 30 rounds", "Charg. MP5 30 coups"
STR_R3F_30Rnd_9x19_MP5_DESC,"Cal. 9x19mm, 350 m/s","Cal. 9x19mm, 350 m/s"
STR_R3F_30Rnd_9x19_MP5_LIB,"30 rounds magazine for MP5. Cal.: 9x19mm.","Chargeur de 30 cartouches pour MP5. Cal.: 9x19mm."

STR_R3F_25Rnd_556x45_FAMAS,"FAMAS Mag. 25 rounds", "Charg. FAMAS 25 coups"
STR_R3F_25Rnd_556x45_FAMAS_DESC,"Cal. 5.56x45mm, 960 m/s","Cal. 5.56x45mm, 960 m/s"
STR_R3F_25Rnd_556x45_FAMAS_LIB,"25 rounds magazine for FAMAS F1. Cal.: 5.56x45mm.","Chargeur de 25 cartouches pour FAMAS F1. Cal.: 5.56x45mm."

STR_R3F_30Rnd_556x45_FAMAS,"FAMAS Mag. 30 rounds","Charg. FAMAS 30 coups"
STR_R3F_30Rnd_556x45_FAMAS_DESC,"Cal. 5.56x45mm, 925 m/s","Cal. 5.56x45mm, 925 m/s"
STR_R3F_30Rnd_556x45_FAMAS_LIB,"30 rounds magazine for FAMAS G2. Cal.: 5.56x45mm.", "Chargeur de 30 cartouches pour FAMAS G2. Cal.: 5.56x45mm."

STR_R3F_25Rnd_556x45_TRACER_FAMAS,"FAMAS Mag. 25 rounds Tracer","Charg. FAMAS 25 coups Traçantes"
STR_R3F_25Rnd_556x45_TRACER_FAMAS_DESC,"Cal. 5.56x45mm, 960 m/s","Cal. 5.56x45mm, 960 m/s"
STR_R3F_25Rnd_556x45_TRACER_FAMAS_LIB,"25 rounds magazine for FAMAS F1. It contains infrared tracer rounds for night combat. Cal.: 5.56x45mm.","Chargeur de 25 cartouches pour FAMAS F1. Il contient des balles traçantes infrarouges pour le combat de nuit. Cal.: 5.56x45mm."

STR_R3F_30Rnd_556x45_TRACER_FAMAS,"FAMAS Mag. 30 rounds Tracer","Charg. FAMAS 30 coups Traçantes"
STR_R3F_30Rnd_556x45_TRACER_FAMAS_DESC,"Cal. 5.56x45mm tracer rounds, 925 m/s","Cal. 5.56x45mm balles traçantes, 925 m/s"
STR_R3F_30Rnd_556x45_TRACER_FAMAS_LIB,"30 rounds magazine for FAMAS G2. It contains infrared tracer rounds for night combat. Cal.: 5.56x45mm.","Chargeur de 30 cartouches pour FAMAS G2. Il contient des balles traçantes infrarouges pour le combat de nuit. Cal.: 5.56x45mm."

STR_R3F_25Rnd_556x45_SD_FAMAS,"FAMAS Mag. 25 rounds SD","Charg. FAMAS 25 coups SD"
STR_R3F_25Rnd_556x45_SD_FAMAS_DESC,"Cal. 5.56x45mm, 330 m/s","Cal. 5.56x45mm, 330 m/s"
STR_R3F_25Rnd_556x45_SD_FAMAS_LIB,"25 rounds magazine for FAMAS SD. Cal.: 5.56x45mm.","Chargeur de 25 cartouches pour FAMAS SD. Cal.: 5.56x45mm."

STR_R3F_30Rnd_556x45_SD_FAMAS,"FAMAS Mag. 30 rounds SD","Charg. FAMAS 30 coups SD"
STR_R3F_30Rnd_556x45_SD_FAMAS_DESC,"Cal. 5.56x45mm SD rounds, 330 m/s","Cal. 5.56x45mm balles SD, 330 m/s"
STR_R3F_30Rnd_556x45_SD_FAMAS_LIB,"30 rounds magazine for FAMAS SD. Cal.: 5.56x45mm.", "Chargeur de 30 cartouches pour FAMAS SD. Cal.: 5.56x45mm."

STR_R3F_10Rnd_762x51_FRF2,"FrF2 Mag. 10 rounds", "Charg. FrF2 10 coups"
STR_R3F_10Rnd_762x51_FRF2_DESC,"Cal. 7.62x51mm, 820 m/s","Cal. 7.62x51mm, 820 m/s"
STR_R3F_10Rnd_762x51_FRF2_LIB,"10 rounds magazine for FRF2. Cal. 7.62x51mm.","Chargeur de 10 cartouches pour Fusil à répétition F2 (FRF2). Cal. 7.62x51mm."

STR_R3F_10Rnd_762x51_SD_FRF2,"FrF2 Mag. 10 rounds SD", "Charg. FrF2 10 coups SD"
STR_R3F_10Rnd_762x51_SD_FRF2_DESC,"Cal. 7.62x51mm SD rounds, 480 m/s","Cal. 7.62x51mm balles SD, 480 m/s"
STR_R3F_10Rnd_762x51_SD_FRF2_LIB,"10 rounds magazine for FRF2 SD. Cal. 7.62x51mm.","Chargeur de 10 cartouches pour Fusil à répétition F2 silencieux (FRF2 SD). Cal. 7.62x51mm."

STR_R3F_20Rnd_762x51_HK417,"HK417 Mag. 20 rounds", "Charg. HK417 20 coups"
STR_R3F_20Rnd_762x51_HK417_DESC,"Cal. 7.62x51mm, 815 m/s","Cal. 7.62x51mm, 815 m/s"
STR_R3F_20Rnd_762x51_HK417_LIB,"20 rounds magazine for HK417. Cal. 7.62x51mm.","Chargeur de 20 cartouches pour Fusil à répétition HK417. Cal. 7.62x51mm."

STR_R3F_20Rnd_762x51_TRACER_HK417,"HK417 Mag. 20 rounds Tracer", "Charg. HK417 20 coups Traçantes"
STR_R3F_20Rnd_762x51_TRACER_HK417_DESC,"Cal. 7.62x51mm tracer rounds, 815 m/s","Cal. 7.62x51mm balles traçantes, 815 m/s"
STR_R3F_20Rnd_762x51_TRACER_HK417_LIB,"20 rounds magazine for HK417. It contains infrared tracer rounds for night combat. Cal. 7.62x51mm.","Chargeur de 20 cartouches pour Fusil à répétition HK417. Il contient des balles traçantes infrarouges pour le combat de nuit. Cal. 7.62x51mm."

STR_R3F_20Rnd_762x51_SD_HK417,"HK417 Mag. 20 rounds SD", "Charg. HK417 20 coups SD"
STR_R3F_20Rnd_762x51_SD_HK417_DESC,"Cal. 7.62x51mm SD rounds, 480 m/s","Cal. 7.62x51mm balles SD, 480 m/s"
STR_R3F_20Rnd_762x51_SD_HK417_LIB,"20 rounds magazine for HK417 SD. It contains special rounds for SD weapons. Cal. 7.62x51mm.","Chargeur de 20 cartouches pour Fusil à répétition HK417 SD. Il contient des balles spéciales pour les armes équipées de silencieux. Cal. 7.62x51mm."



STR_R3F_30Rnd_556x45_HK416,"HK416 Mag. 30 rounds","Charg. HK416 30 coups"
STR_R3F_30Rnd_556x45_HK416_DESC,"Cal. 5.56x45mm, 850 m/s","Cal. 5.56x45mm, 850 m/s"
STR_R3F_30Rnd_556x45_HK416_LIB,"30 rounds magazine for HK416. Cal.: 5.56x45mm.", "Chargeur de 30 cartouches pour HK416. Cal.: 5.56x45mm."

STR_R3F_30Rnd_556x45_TRACER_HK416,"HK416 Mag. 30 rounds Tracer","Charg. HK416 30 coups Traçantes"
STR_R3F_30Rnd_556x45_TRACER_HK416_DESC,"Cal. 5.56x45mm tracer rounds, 850 m/s","Cal. 5.56x45mm balles traçantes, 850 m/s"
STR_R3F_30Rnd_556x45_TRACER_HK416_LIB,"30 rounds magazine for HK416. It contains infrared tracer rounds for night combat. Cal.: 5.56x45mm.","Chargeur de 30 cartouches pour HK416. Il contient des balles traçantes infrarouges pour le combat de nuit. Cal.: 5.56x45mm."




STR_R3F_7Rnd_127x99_PGM,"PGM Mag. 7 rounds","Charg. PGM 7 coups"
STR_R3F_7Rnd_127x99_PGM_DESC,"Cal. 12.7x99mm, 780 m/s","Cal. 12.7x99mm, 780 m/s"
STR_R3F_7Rnd_127x99_PGM_LIB,"7 rounds magazine for sniper riffle PGM Hecate II. Cal. 12.7x99mm.","Chargeur de 7 cartouches pour fusil de précision PGM Hecate II. Cal. 12.7x99mm."

STR_R3F_7Rnd_127x99_PEI_PGM,"PGM Mag. 7 rounds PEI","Charg. PGM 7 coups PEI"
STR_R3F_7Rnd_127x99_PEI_PGM_DESC,"Cal. 12.7x99mm Piercing Explosive Incendiary, 780 m/s","Cal. 12.7x99mm Perforante Explosive Incendiaire, 780 m/s"
STR_R3F_7Rnd_127x99_PEI_PGM_LIB,"7 rounds magazine for sniper riffle PGM Hecate II. It contains Piercing Explosive Incendiary rounds used in anti-material combat. Cal. 12.7x99mm.","Chargeur de 7 cartouches pour fusil de précision PGM Hecate II. Il contient des balles Perforantes Explosives Incendiaires destinées à l'usage anti-matériel. Cal. 12.7x99mm."


STR_R3F_10Rnd_127x99_M107,"M107 Mag. 10 rounds","Charg. M107 10 coups"
STR_R3F_10Rnd_127x99_M107_DESC,"Cal. 12.7x99mm, 850 m/s","Cal. 12.7x99mm, 850 m/s"
STR_R3F_10Rnd_127x99_M107_LIB,"10 rounds magazine for Barrett M107 sniper riffle. Cal. 12.7x99mm.","Chargeur de 10 cartouches pour fusil de précision Barrett M107. Cal. 12.7x99mm."

STR_R3F_10Rnd_127x99_PEI_M107,"M107 Mag. 10 rounds PEI","Charg. M107 10 coups PEI"
STR_R3F_10Rnd_127x99_PEI_M107_DESC,"Cal. 12.7x99mm Piercing Explosive Incendiary, 850 m/s","Cal. 12.7x99mm Perforante Explosive Incendiaire, 850 m/s"
STR_R3F_10Rnd_127x99_PEI_M107_LIB,"10 rounds magazine for Barrett M107 sniper riffle. It contains Piercing Explosive Incendiary rounds used in anti-material combat. Cal. 12.7x99mm.","Chargeur de 10 cartouches pour fusil de précision Barrett M107. Il contient des balles Perforantes Explosives Incendiaires destinées à l'usage anti-matériel. Cal. 12.7x99mm."






STR_R3F_200Rnd_556x45_MINIMI,"Minimi Mag. 200 rounds","Charg. Minimi 200 coups"
STR_R3F_200Rnd_556x45_MINIMI_DESC,"Cal. 5.56x45mm, 915 m/s","Cal. 5.56x45mm, 915 m/s"
STR_R3F_200Rnd_556x45_MINIMI_LIB,"200 rounds magazine for MINIMI. Cal. 5.56x45mm.", "Chargeur de 200 cartouches pour MINIMI. Cal. 5.56x45mm."

STR_R3F_100Rnd_762x51_MINIMI,"Minimi Mag. 100 rounds","Charg. Minimi 100 coups"
STR_R3F_100Rnd_762x51_MINIMI_DESC,"Cal. 7.62x51mm, 820 m/s","Cal. 7.62x51mm, 820 m/s"
STR_R3F_100Rnd_762x51_MINIMI_LIB,"100 rounds magazine for MINIMI. Cal. 7.62x51mm.", "Chargeur de 100 cartouches pour MINIMI. Cal. 7.62x51mm."

STR_R3F_AT4CS_Mag,"AT4 CS Rocket","Roquette AT4 CS"
STR_R3F_AT4CS_Mag_DESC,"84mm Rocket for AT4 CS Launcher, 290 m/s","Roquette 84mm pour lanceur AT4 CS, 290 m/s"
STR_R3F_AT4CS_Mag_LIB,"84mm HEAT rocket for AT4 CS. These rockets are reserved for light to middle armored vehicule. They can blow 600mm of armor or 1.5 m of concrete.","Roquette de calibre 84mm à tête creuse pour AT4 CS. Ces roquettes sont destinées à l'usage anti-blindé léger / moyen. Elles peuvent perforer jusqu'à 600mm de blindage ou 1.5 M de béton."

STR_R3F_ERYX_Mag,"ERYX Missile","Missile ERYX"
STR_R3F_ERYX_Mag_DESC,"136mm missile for ERYX Launcher, 240 m/s","Missile 136mm pour lanceur ERYX, 240 m/s"
STR_R3F_ERYX_Mag_LIB,"136mm guided missile for ERYX. These missile are reserved for middle to heavy armored vehicule. They can blow anny modern armoring.","Missile de 136mm filoguidé pour lanceur ERYX. Ces missiles sont destinés aux blindé moyens/lourds. Ils peuvent perforer n'importe quel blindage actuel."

STR_R3F_FAMAS_F1,"FAMAS F1","FAMAS F1"
STR_R3F_FAMAS_F1_DESC,"FAMAS F1 model","FAMAS modèle F1"
STR_R3F_FAMAS_F1_LIB,"FAMAS F1 model: The assault rifle of the Manufacture d'Armes de Saint-Étienne was founded in France in 1973 and adopted by the French army in 1979. It is a bullpup type rifle which can be used by right-handers as left-handers. Its barrel length of 488mm gives it both power and precision, but its architecture gives it still a good compactness. It has two modes of fire: piecemeal and burst. Its high rate of fire (1000cps/min) and the ability to shoot free burst (CAR) makes it a perfect assault rifle.","FAMAS  modèle F1 : Le Fusil d'Assaut de la Manufacture d'Armes de Saint-Étienne a été créé en Françe en 1973, puis adopté par l'armée française en 1979. C'est un fusil de type BullPup qui peut être utilisé par des droitiers comme des gauchers. Sa longueur de canon de 488mm lui procure à la fois puissance et précision, mais son architecture lui assure tout de même une bonne compacité. Il possède deux modes de tir : coup par coup et rafale. Sa cadence de tir élevée (1000cps/min) et la possibilité de tirer en rafale libre (AUTO) en fait un parfait fusil d'assaut."
STR_R3F_FAMAS_F1_DES,"FAMAS F1 camo","FAMAS F1 camo"

STR_R3F_FAMAS_F1_HG,"FAMAS F1 HG","FAMAS F1 HG"
STR_R3F_FAMAS_F1_HG_DESC,"FAMAS F1 model with HandGrip","FAMAS modèle F1 avec poignée"
STR_R3F_FAMAS_F1_HG_LIB,"FAMAS F1 model + HG: Assault Rifle of the Manufacture d'Armes de Saint-Etienne model F1. This version is equipped with an handgrip","FAMAS modèle F1 + HG : Fusil d'Assaut de la Manufacture d'Armes de Saint-Étienne modèle F1. Cette version est équipée d'une poignée"
STR_R3F_FAMAS_F1_HG_DES,"FAMAS F1 HG camo","FAMAS F1 HG camo"

STR_R3F_FAMAS_F1_M203,"FAMAS F1 M203","FAMAS F1 M203"
STR_R3F_FAMAS_F1_M203_DESC,"FAMAS F1 model with grenade launcher","FAMAS modèle F1 avec lance-grenades"
STR_R3F_FAMAS_F1_M203_LIB,"FAMAS F1 model + M203: Assault Rifle of the Manufacture d'Armes de Saint-Etienne model F1. This version is equipped with a 40mm grenade launcher M203","FAMAS modèle F1 + M203: Fusil d'Assaut de la Manufacture d'Armes de Saint-Étienne modèle F1. Cette version est équipée d'un lance-grenades M203 calibre 40mm"
STR_R3F_FAMAS_F1_M203_DES,"FAMAS F1 M203 camo","FAMAS F1 M203 camo"

STR_R3F_FAMAS_FELIN,"FAMAS FELIN","FAMAS FELIN"
STR_R3F_FAMAS_FELIN_DESC,"FAMAS with FELIN scope", "FAMAS avec lunette FELIN"
STR_R3F_FAMAS_FELIN_LIB,"FAMAS lowered or commando equipped with an optical FELIN FAMAS is part of this program F.E.L.I.N (infantryman with Integrated Equipment and Liasons). It is a modification of the FAMAS G2, PGM handle was removed and replaced by a rail that allows the addition of the bezel FELIN directly on the FAMAS.","FAMAS surbaissé ou commando équipé d'une optique FELIN, ce FAMAS fait parti du programme du Fantassin à Equipement et Liason INtégrées. Il est une modification du FAMAS G2, la poignée PGM a été retirée et remplacée par un rail qui permet ainsi l'ajout de la lunette FELIN directement sur le FAMAS."
STR_R3F_FAMAS_FELIN_DES,"FAMAS FELIN camo","FAMAS FELIN camo"

STR_R3F_FAMAS_G2,"FAMAS G2","FAMAS G2"
STR_R3F_FAMAS_G2_DESC,"FAMAS G2 model","FAMAS modèle G2"
STR_R3F_FAMAS_G2_LIB,"FAMAS G2 model: The assault rifle of the Manufacture d'Armes de Saint-Etienne G2 model is a modified version of the FAMAS F1. The stripes of the barrel went from a 1 / 12 to 1 / 9 making the use of chargers or 30 rounds STANAG G2 possible. The bridge was removed to be replaced by a handguard that allows infantry to use gloves when fighting winter. The PGM old fiberglass is now plastic","FAMAS modèle G2 : Le Fusil d'Assaut de la Manufacture d'Armes de Saint-Étienne modèle G2 est une version modifiée du FAMAS F1. Les rayures du canon sont passées d'un pas de 1/12 à 1/9 rendant l'utilisation des Chargeur de 30 cartouches G2 ou stanag possible. Le pontet a été supprimé pour être remplacé par un garde-main qui permet aux fantassins d'utiliser des gants lors de combat hivernaux. La PGM autrefois en fibre de verre est maintenant en plastique."
STR_R3F_FAMAS_G2_DES,"FAMAS G2 camo","FAMAS G2 camo"

STR_R3F_FAMAS_G2_HG,"FAMAS G2 HG","FAMAS G2 HG"
STR_R3F_FAMAS_G2_HG_DESC,"FAMAS G2 model with HandGrip","FAMAS modèle G2 avec poignée"
STR_R3F_FAMAS_G2_HG_LIB,"FAMAS G2 model + HG: Assault Rifle of the Manufacture d'Armes de Saint-Etienne model G2. This version is equipped with an handgrip","FAMAS modèle G2 + HG : Fusil d'Assaut de la Manufacture d'Armes de Saint-Étienne modèle G2. Cette version est équipée d'une poignée"
STR_R3F_FAMAS_G2_HG_DES,"FAMAS G2 HG camo","FAMAS G2 HG camo"

STR_R3F_FAMAS_G2_M203,"FAMAS G2 M203","FAMAS G2 M203"
STR_R3F_FAMAS_G2_M203_DESC,"FAMAS G2 model with grenade launcher","FAMAS modèle G2 avec lance-grenades"
STR_R3F_FAMAS_G2_M203_LIB,"FAMAS G2 model + M203: Assault Rifle of the Manufacture d'Armes de Saint-Etienne model G2. This version is equipped with a 40mm grenade launcher M203","FAMAS modèle G2 + M203: Fusil d'Assaut de la Manufacture d'Armes de Saint-Étienne modèle G2. Cette version est équipée d'un lance-grenades M203 calibre 40mm"
STR_R3F_FAMAS_G2_M203_DES,"FAMAS G2 M203 camo","FAMAS G2 M203 camo"

STR_R3F_FAMAS_surb,"FAMAS C","FAMAS C"
STR_R3F_FAMAS_surb_DESC,"FAMAS commando model","FAMAS modèle commando"
STR_R3F_FAMAS_surb_LIB,"FAMAS lowered or commando. This FAMAS is part of the program F.E.L.I.N (infantryman with Integrated Equipment and Liasons). It is a modification of the FAMAS G2, PGM handle was removed and replaced by a rail that allows the addition of any optical directly on the FAMAS.", "FAMAS surbaissé ou commando, ce FAMAS fait parti du programme du Fantassin à Equipement et Liason INtégrées. Il est une modification du FAMAS G2, la poignée PGM a été retirée et remplacée par un rail qui permet ainsi l'ajout de n'importe quelle optique directement sur le FAMAS."
STR_R3F_FAMAS_surb_DES,"FAMAS C camo","FAMAS C camo"

STR_R3F_FAMAS_surb_HG,"FAMAS C HG","FAMAS C HG"
STR_R3F_FAMAS_surb_HG_DESC,"FAMAS commando model with HandGrip","FAMAS modèle commando avec poignée"
STR_R3F_FAMAS_surb_HG_LIB,"FAMAS lowered or commando. This FAMAS  is part of the program F.E.L.I.N (infantryman with Integrated Equipment and Liasons). This version is equipped with an HandGrip.","FAMAS surbaissé ou commando, ce FAMAS fait parti du programme du Fantassin à Equipement et Liason INtégrées. Cette version est équipée d'une poignée."
STR_R3F_FAMAS_surb_HG_DES,"FAMAS C HG camo","FAMAS C HG camo"

STR_R3F_FAMAS_surb_M203,"FAMAS C M203","FAMAS C M203"
STR_R3F_FAMAS_surb_M203_DESC,"FAMAS commando model with grenade launcher","FAMAS modèle commando avec lance-grenades"
STR_R3F_FAMAS_surb_M203_LIB,"FAMAS lowered or commando. This FAMAS is part of the program F.E.L.I.N (infantryman with Integrated Equipment and Liasons). This version is equipped with an M203 grenade launcher 40mm.","FAMAS surbaissé ou commando, ce FAMAS fait parti du programme du Fantassin à Equipement et Liason INtégrées. Cette version est équipée d'un lance-grenades M203 calibre 40mm."
STR_R3F_FAMAS_surb_M203_DES,"FAMAS C M203 camo","FAMAS C M203 camo"

STR_R3F_FRF2, "FrF2","FrF2"
STR_R3F_FRF2_DESC,"FrF2 Riffle","Fusil FrF2"
STR_R3F_FRF2_LIB,"FRF2: Repeating rifle model F2. FRF2 is a 7.62mm caliber NATO manual repetition. It is equipped with a heat resistant tube that avoids the excessive heating of the barrel during firing, and improves the accuracy of the gun. Its effective range is 800m and the initial speed of its projectile is 830 m/s.","FRF2 : Fusil à répétition modèle F2. Le FRF2 est un calibre 7.62mm OTAN à répétition manuelle. Il est équipé d'un tube anti-calorique qui évite l'echauffement excessif du canon lors tirs, et ameliore la précision du fusil.  Sa portée efficace est de 800m et la Vitesse initiale de ses projectiles est de 830 m/s."
STR_R3F_FRF2_DES, "FrF2 camo","FrF2 camo"

STR_R3F_PGM_Hecate_II,"PGM Hecate II","PGM Hecate II"
STR_R3F_PGM_Hecate_II_DESC,"PGM Hecate II Riffle","Fusil PGM Hecate II"
STR_R3F_PGM_Hecate_II_LIB,"PGM Hecate II is a precision bolt action rifle manufactured by PGM precision and size 12.7. It is mainly intended to use anti-material. Its practical significance is 1800m. For efficiency, it can use Piercing Explosive Incendiary Ammunition (IEP).","Le PGM Hecate II est un fusil de précision à verrou fabriqué par PGM précision et de calibre 12.7. Il est principalement déstiné à un usage anti-materiel. Sa portée pratique est de 1800m. Pour plus d'efficacité, il peut utiliser des munitions Perforantes Explosives Incendiaires (P.E.I)."
STR_R3F_PGM_Hecate_II_DES,"PGM Hecate II camo","PGM Hecate II camo"

STR_R3F_PGM_Hecate_II_POLY,"PGM Polymer","PGM Polymere"
STR_R3F_PGM_Hecate_II_POLY_DESC,"PGM Hecate II Riffle","Fusil PGM Hecate II"
STR_R3F_PGM_Hecate_II_POLY_LIB,"PGM Hecate II is a precision bolt action rifle manufactured by PGM precision and size 12.7. It is mainly intended to use anti-material. Its practical significance is 1800m. For efficiency, it can use Piercing Explosive Incendiary Ammunition (IEP).","Le PGM Hecate II est un fusil de précision à verrou fabriqué par PGM précision et de calibre 12.7. Il est principalement déstiné à un usage anti-materiel. Sa portée pratique est de 1800m. Pour plus d'efficacité, il peut utiliser des munitions Perforantes Explosives Incendiaires (P.E.I)."

STR_R3F_M107,"Barrett M107","Barrett M107"
STR_R3F_M107_DESC,"Barrett M107 Riffle","Fusil Barrett M107"
STR_R3F_M107_LIB,"M107 is a heavy sniper rifle manufactured by Barrett and size 12.7. It is mainly intended to use anti-material. Its practical significance is 1800m. For efficiency, it can use Piercing Explosive Incendiary Ammunition (IEP).","Le M107 est un fusil de précision lourd fabriqué par Barrett et de calibre 12.7. Il est principalement déstiné à un usage anti-materiel. Sa portée pratique est de 1800m. Pour plus d'efficacité, il peut utiliser des munitions Perforantes Explosives Incendiaires (P.E.I)."
STR_R3F_M107_DES,"Barrett M107 camo","Barrett M107 camo"


STR_R3F_Minimi, "Minimi Para","Minimi Para"
STR_R3F_Minimi_DESC,"Airborne FN Minimi","FN Minimi Para"
STR_R3F_Minimi_LIB,"The Minimi, wich means 'MINI-MItraileuse', was developped during the 70's by FN Herstal, in Belgium. It can fire 200 5.56 rounds magazine. It's used for defensive and offensive purpose.","La Minimi, qui veut dire MINI-MItraileuse, a été inventée dans les années 70 par la firme nationale de Herstal en Belgique. Elle peut tirer des chargeurs de 200 cartouches en 5.56mm. Elle est destinée à une utilisation défensive et offensive."

STR_R3F_Minimi_762, "Minimi Para 7.62","Minimi Para 7.62"
STR_R3F_Minimi_762_DESC,"Airborne FN Minimi 7.62","FN Minimi Para 7.62"
STR_R3F_Minimi_762_LIB,"The Minimi 7.62, wich means 'MINI-MItraileuse', was developped by FN Herstal, in Belgium. It can fire 100 7.62 rounds magazine. It's used for defensive and offensive purpose.","La Minimi, qui veut dire MINI-MItraileuse, a été développée par la firme nationale de Herstal en Belgique. Elle peut tirer des chargeurs de 100 cartouches de 7.62mm. Elle est destinée à une utilisation défensive et offensive."

STR_R3F_Minimi_HG, "Minimi Para HG","Minimi Para HG"
STR_R3F_Minimi_HG_DESC,"Airborne FN Minimi with HandGrip","FN Minimi Para avec poignée"
STR_R3F_Minimi_HG_LIB,"The Minimi, wich means 'MINI-MItraileuse', was developped during the 70's by FN Herstal, in Belgium. It can fire 200 5.56 rounds magazine. It's used for defensive and offensive purpose. This version is equipped with an Handgrip","La Minimi, qui veut dire MINI-MItraileuse, a été inventée dans les années 70 par la firme nationale de Herstal en Belgique. Elle peut tirer des chargeurs de 200 cartouches en 5.56mm. Elle est destinée à une utilisation défensive et offensive. Cette version est équipée d'une poignée."

STR_R3F_Minimi_762_HG, "Minimi Para 7.62 HG","Minimi Para 7.62 HG"
STR_R3F_Minimi_762_HG_DESC,"Airborne FN Minimi 7.62 with HandGrip","FN Minimi Para 7.62 avec poignée"
STR_R3F_Minimi_762_HG_LIB,"The Minimi 7.62, wich means 'MINI-MItraileuse', was developped by FN Herstal, in Belgium. It can fire 100 7.62 rounds magazine. It's used for defensive and offensive purpose. This version is equipped with an Handgrip.","La Minimi, qui veut dire MINI-MItraileuse, a été développée par la firme nationale de Herstal en Belgique. Elle peut tirer des chargeurs de 100 cartouches de 7.62mm. Elle est destinée à une utilisation défensive et offensive. Cette version est équipée d'une poignée."

STR_R3F_HK417L, "HK417 20 inches","HK417 20 pouces"
STR_R3F_HK417L_DESC,"HK417 riffle 20 inches","Fusil HK417 20 pouces"
STR_R3F_HK417L_LIB,"HK417: Heckler and Koch rifle model 417. HK417 is a 7.62mm caliber NATO automatic repetition. It is equipped with a 20 inches floating barrel to improve the accuracy of the gun. Its effective range is 800m and the initial speed of its projectile is 815 m / s.","HK417 : Fusil Heckler and Koch modèle 417. Le HK417 est un calibre 7.62mm OTAN à répétition automatique. Il est équipé d'un canon suspendu de 20 pouces pour ameliorer la précision du fusil.  Sa portée efficace est de 800m et la Vitesse initiale de ses projectiles est de 815 m/s."
STR_R3F_HK417L_DES, "HK417 20 inches camo","HK417 20 pouces camo"

STR_R3F_HK417M, "HK417 16 inches","HK417 16 pouces"
STR_R3F_HK417M_DESC,"HK417 Riffle 16 inches","Fusil HK417 16 pouces"
STR_R3F_HK417M_LIB,"HK417: Heckler and Koch rifle model 417. HK417 is a 7.62mm caliber NATO automatic repetition. It is equipped with a 16 inches floating barrel to improve the accuracy of the gun. Its effective range is 800m and the initial speed of its projectile is 815 m / s.","HK417 : Fusil Heckler and Koch modèle 417. Le HK417 est un calibre 7.62mm OTAN à répétition automatique. Il est équipé d'un canon suspendu de 16 pouces pour ameliorer la précision du fusil.  Sa portée efficace est de 800m et la Vitesse initiale de ses projectiles est de 815 m/s."
STR_R3F_HK417M_DES, "HK417 16 inches camo","HK417 16 pouces camo"

STR_R3F_HK417M_HG, "HK417 16 inches HG","HK417 16 pouces HG"
STR_R3F_HK417M_HG_DESC,"HK417 Riffle 16 inches with HandGrip","Fusil HK417 16 pouces avec poignée"
STR_R3F_HK417M_HG_LIB,"HK417: Heckler and Koch rifle model 417. HK417 is a 7.62mm caliber NATO automatic repetition. It is equipped with a 16 inches floating barrel to improve the accuracy of the gun. Its effective range is 800m and the initial speed of its projectile is 815 m / s. This version is equipped with an HandGrip.","HK417 : Fusil Heckler and Koch modèle 417. Le HK417 est un calibre 7.62mm OTAN à répétition automatique. Il est équipé d'un canon suspendu de 16 pouces pour ameliorer la précision du fusil.  Sa portée efficace est de 800m et la Vitesse initiale de ses projectiles est de 815 m/s. Cette version est équipée d'une poignée."
STR_R3F_HK417M_HG_DES, "HK417 16 inches HG camo","HK417 16 pouces HG camo"

STR_R3F_HK417S, "HK417 12 inches","HK417 12 pouces"
STR_R3F_HK417S_DESC,"HK417 Riffle 12 inches","Fusil HK417 12 pouces"
STR_R3F_HK417S_LIB,"HK417: Heckler and Koch rifle model 417. HK417 is a 7.62mm caliber NATO automatic repetition. It is equipped with a 12 inches floating barrel to improve the accuracy of the gun. Its effective range is 800m and the initial speed of its projectile is 790 m / s.","HK417 : Fusil Heckler and Koch modèle 417. Le HK417 est un calibre 7.62mm OTAN à répétition automatique. Il est équipé d'un canon suspendu de 12 pouces pour ameliorer la précision du fusil.  Sa portée efficace est de 800m et la Vitesse initiale de ses projectiles est de 790 m/s."
STR_R3F_HK417S_DES, "HK417 12 inches HG camo","HK417 12 pouces HG camo"

STR_R3F_HK417S_HG, "HK417 12 inches HG","HK417 12 pouces HG"
STR_R3F_HK417S_HG_DESC,"HK417 Riffle 12 inches with HandGrip","Fusil HK417 12 pouces avec poignée"
STR_R3F_HK417S_HG_LIB,"HK417: Heckler and Koch rifle model 417. HK417 is a 7.62mm caliber NATO automatic repetition. It is equipped with a 12 inches floating barrel to improve the accuracy of the gun. Its effective range is 500m and the initial speed of its projectile is 480 m / s. This version is equipped with an HandGrip.","HK417 : Fusil Heckler and Koch modèle 417. Le HK417 est un calibre 7.62mm OTAN à répétition automatique. Il est équipé d'un canon suspendu de 12 pouces pour ameliorer la précision du fusil.  Sa portée efficace est de 500m et la Vitesse initiale de ses projectiles est de 480 m/s. Cette version est équipée d'une poignée."
STR_R3F_HK417S_HG_DES, "HK417 12 inches HG camo","HK417 12 pouces HG camo"








STR_R3F_HK416M, "HK416 14.5 inches","HK416 14.5 pouces"
STR_R3F_HK416M_DESC,"HK416 Riffle 14.5 inches","Fusil HK416 14.5 pouces"
STR_R3F_HK416M_LIB,"HK416: Heckler and Koch rifle model 417. HK416 is a 5.56mm caliber NATO automatic repetition. It is equipped with a 14.5 inches floating barrel to improve the accuracy of the gun. Its effective range is 400m and the initial speed of its projectile is 850 m / s.","HK416 : Fusil Heckler and Koch modèle 416. Le HK416 est un calibre 5.56mm OTAN à répétition automatique. Il est équipé d'un canon suspendu de 14.5 pouces pour ameliorer la précision du fusil.  Sa portée efficace est de 400m et la Vitesse initiale de ses projectiles est de 850 m/s."
STR_R3F_HK416M_DES, "HK416 14.5 inches camo","HK416 14.5 pouces camo"

STR_R3F_HK416M_HG, "HK416 14.5 inches HG","HK416 14.5 pouces HG"
STR_R3F_HK416M_HG_DESC,"HK416 Riffle 14.5 inches with HandGrip","Fusil HK416 14.5 pouces avec poignée"
STR_R3F_HK416M_HG_LIB,"HK416: Heckler and Koch rifle model 416. HK416 is a 5.56mm caliber NATO automatic repetition. It is equipped with a 14.5 inches floating barrel to improve the accuracy of the gun. Its effective range is 400m and the initial speed of its projectile is 850 m / s. This version is equipped with an HandGrip.","HK416 : Fusil Heckler and Koch modèle 416. Le HK416 est un calibre 5.56mm OTAN à répétition automatique. Il est équipé d'un canon suspendu de 14.5 pouces pour ameliorer la précision du fusil.  Sa portée efficace est de 400m et la Vitesse initiale de ses projectiles est de 850 m/s. Cette version est équipée d'une poignée."
STR_R3F_HK416M_HG_DES, "HK416 14.5 inches HG camo","HK416 14.5 pouces HG camo"



STR_R3F_MP5SD, "MP5 SD6","MP5 SD6"
STR_R3F_MP5SD_DESC,"HK MP5 SD6 Riffle","Fusil HK MP5 SD6"
STR_R3F_MP5SD_LIB,"MP5 SD6: Heckler and Koch rifle model MP5. MP5 is a 9mm caliber NATO automatic repetition. It is equipped with an integrated silencer","MP5 SD6: Fusil Heckler and Koch modèle MP5. Le MP5 est un calibre 9mm OTAN à répétition automatique. Il est équipé d'un silencieux intégré"


STR_R3F_PAMAS, "PAMAS","PAMAS"
STR_R3F_PAMAS_DESC,"PAMAS G1 9mm pistol","Pistolet PAMAS G1 9mm"
STR_R3F_PAMAS_LIB,"PAMAS G1 9mm pistol","Pistolet PAMAS G1 9mm"


STR_R3F_AT4CS,"AT4 CS","AT4 CS"
STR_R3F_AT4CS_DESC,"AT4 CS Rocket launcher","lance-roquettes AT4 CS"
STR_R3F_AT4CS_LIB,"The AT4 CS is a rocket launcher Anti-tank for Confined Space (CS) to 84mm (Eighty Four = AT4). Its weight is 7.6kg for 1.04m long. It has a range of 25m to 200m on moving target, and 300m on fixed target.","L'AT4 CS est un lance-roquettes Anti-char pour confined space (CS) de 84mm (Eighty Four = AT4). Sa masse est de 7.6Kg pour 1.04m de longueur. Il a une portée de 25m à 200m sur objectif mobile, et de 300m sur objectif fixe."

STR_R3F_ERYX,"ERYX","ERYX"
STR_R3F_ERYX_DESC,"ERYX Missile launcher","lance-missile ERYX"
STR_R3F_ERYX_LIB,"The ERYX is a 136mm Anti-tank missile launcher for modern armor. Its weight is 13kg for 0.9m long. It has a range of 600m on moving target","L'ERYX est un lance-missile Anti-char de 136mm efficace contre les blindages modernes. Sa masse est de 13Kg pour 0.9m de longueur. Il a une portée de 600m sur objectif mobile."

STR_R3F_STINGER,"STINGER","STINGER"
STR_R3F_STINGER_DESC,"STINGER AA launcher","lanceur AA STINGER"
STR_R3F_STINGER_LIB,"",""

STR_R3F_JIM_LR, "Jim LR Binoculars","Jumelles Jim LR"
STR_R3F_JIM_LR_DESC,"Optronic long range binoculars 2X-16X with laser designator ","Jumelles optroniques longue distance 2X-16X avec designateur Laser"
STR_R3F_JIM_LR_LIB,"JIM LR : Long Range infrared Binoculars. They belong to F.E.L.I.N. program. They are equipped with night vision, telemeter, laser pointer, magnetic compass and a GPS.","JIM LR : Les Jumelles Infrarouges Multifonctions Long Range. Elle font parties du programme F.E.L.I.N. Elles disposent d'une vision jour-nuit, d'un télémètre, d'un pointeur laser, d'un compas magnétique, et d'un GPS."
STR_R3F_JIM_LR_DES, "Jim LR Binoculars camo","Jumelles Jim LR camo"



STR_R3F_SIT_COMDE, "SIT COMDE tablet","Tablette SIT COMDE"
STR_R3F_SIT_COMDE_DESC,"SIT COMDE FELIN interface","Interface FELIN SIT COMDE"
STR_R3F_SIT_COMDE_LIB,"Le SIT COMDE, for terminal system of information for infantery fighter, use the R.I.F (Infantery information network) to obtain tactical informations of battlefield (location, pictures, videos...). It is part of the program FELIN and may, during an operation, capturing images of glasses FELIN to allow the group leader to have a better view of the battlefield and its objectives.","Le SIT COMDE, ou Système d’Information Terminal du COMbattant DEbarqué, utilise le R.I.F (Réseau d'Information du Fantassin) pour obtenir des informations tactiques du champ de bataille ( positions, images, vidéos ... etc). Il fait parti du programme F.E.L.I.N, et peut, lors d'une opération, capter les images de lunettes F.E.L.I.N pour permettre au chef de groupe d'avoir une meilleure vision du champ de bataille et de ses objectifs."

STR_R3F_WeaponBox, "R3F Standard weapon Box","Caisse standard d'armes R3F"
STR_R3F_WeaponBox_DESC,"R3F Standard weapon Box","Caisse standard d'armes R3F"
STR_R3F_WeaponBox_LIB,"",""

STR_R3F_WeaponBox_Full, "R3F Full weapon Box","Caisse étendue d'armes R3F"
STR_R3F_WeaponBox_Full_DESC,"R3F Full weapon Box","Caisse étendue d'armes R3F"
STR_R3F_WeaponBox_Full_LIB,"",""

STR_R3F_WeaponBox_Full_NoTherm, "R3F Full weapon Box with no Thermal","Caisse étendue d'armes R3F sans thermique"
STR_R3F_WeaponBox_Full_NoTherm_DESC,"R3F Full weapon Box with no Thermal","Caisse étendue d'armes R3F sans thermique"
STR_R3F_WeaponBox_Full_NoTherm_LIB,"",""


STR_R3F_WeaponStock, "R3F Weapon stock","Stock d'armes R3F"
STR_R3F_WeaponStock_DESC,"R3F Weapon stock","Stock d'armes R3F"
STR_R3F_WeaponStock_LIB,"",""

STR_R3F_M203,"M203 Grenade launcher","Lance Grenade M203"

STR_R3F_SAFE,"SAFETY","CRAN DE SURETE"

STR_R3F_LIB,"Work in progress", "En construction"

STR_R3F_SILENCIEUX_FAMAS, "FAMAS Silencer","Silencieux FAMAS"
STR_R3F_SILENCIEUX_FAMAS_DESC,"Silencer for FAMAS 5.56mm caliber","Silencieux pour FAMAS calibre 5.56mm"
STR_R3F_SILENCIEUX_FAMAS_LIB,"Silencer for FAMAS 5.56mm caliber","Silencieux pour FAMAS calibre 5.56mm"
STR_R3F_SILENCIEUX_FAMAS_DES, "FAMAS Silencer camo","Silencieux FAMAS camo"

STR_R3F_SILENCIEUX_HK416, "HK 416 Silencer","Silencieux HK 416"
STR_R3F_SILENCIEUX_HK416_DESC,"Silencer for HK 416 5.56mm caliber","Silencieux pour HK 416 calibre 5.56mm"
STR_R3F_SILENCIEUX_HK416_LIB,"Silencer for HK 416 5.56mm caliber","Silencieux pour HK 416 calibre 5.56mm"
STR_R3F_SILENCIEUX_HK416_DES, "HK 416 Silencer camo","Silencieux HK 416 camo"

STR_R3F_SILENCIEUX_HK417, "HK 417 Silencer","Silencieux HK 417"
STR_R3F_SILENCIEUX_HK417_DESC,"Silencer for HK 417 7.62mm caliber","Silencieux pour HK 417 calibre 7.62mm"
STR_R3F_SILENCIEUX_HK417_LIB,"Silencer for HK 417 7.62mm caliber","Silencieux pour HK 417 calibre 7.62mm"
STR_R3F_SILENCIEUX_HK417_DES, "HK 417 Silencer camo","Silencieux HK 417 camo"

STR_R3F_SILENCIEUX_FRF2, "FRF2 Silencer","Silencieux FRF2"
STR_R3F_SILENCIEUX_FRF2_DESC,"Silencer for FRF2 7.62mm caliber","Silencieux pour FRF2 calibre 7.62mm"
STR_R3F_SILENCIEUX_FRF2_LIB,"Silencer for FRF2 7.62mm caliber","Silencieux pour FRF2 calibre 7.62mm"
STR_R3F_SILENCIEUX_FRF2_DES, "FRF2 Silencer camo","Silencieux FRF2 camo"

















